date,rainfall_mm,temp_max_c,temp_min_c,soil_moisture_pct,downtime_hrs,blasting_delay_hrs,target_production_t,actual_production_t,rainfall_lag1,downtime_lag1,soil_moisture_lag1,production_lag1,production_lag7,rolling_avg_7
2025-01-08,0.0,24.5,11.1,18.3,2,1,1000.0,959.6,0.0,2.0,21.3,979.6,933.0,938.1857142857143
2025-01-09,0.0,26.6,10.2,14.5,0,1,1000.0,961.0,0.0,2.0,18.3,959.6,932.4,942.2714285714286
2025-01-10,0.0,26.7,10.3,15.2,4,0,1000.0,915.9,0.0,0.0,14.5,961.0,940.2,938.8
2025-01-11,0.0,27.0,12.1,12.1,2,0,1000.0,972.6,0.0,4.0,15.2,915.9,928.5,945.1
2025-01-12,0.0,27.1,14.6,11.1,5,1,1000.0,893.9,0.0,2.0,12.1,972.6,923.7,940.842857142857
2025-01-13,0.1,26.2,14.3,11.6,2,2,1000.0,926.5,0.0,5.0,11.1,893.9,903.3,944.1571428571427
2025-01-14,0.0,26.9,13.9,6.4,0,0,1000.0,1047.1,0.1,2.0,11.6,926.5,979.6,953.8000000000001
2025-01-15,0.0,27.6,14.4,5.9,3,1,1000.0,932.1,0.0,0.0,6.4,1047.1,959.6,949.8714285714285
2025-01-16,0.0,25.1,16.2,7.5,5,0,1000.0,905.8,0.0,3.0,5.9,932.1,961.0,941.9857142857143
2025-01-17,0.0,27.0,14.3,5.9,1,0,1000.0,958.3,0.0,5.0,7.5,905.8,915.9,948.0428571428572
2025-01-18,0.0,27.6,13.6,7.9,0,0,1000.0,974.4,0.0,1.0,5.9,958.3,972.6,948.3
2025-01-19,0.0,28.4,13.2,5.0,8,2,1000.0,786.1,0.0,0.0,7.9,974.4,893.9,932.9
2025-01-20,0.0,29.2,13.3,5.0,1,1,1000.0,988.0,0.0,8.0,5.0,786.1,926.5,941.6857142857143
2025-01-21,0.0,30.0,14.3,8.6,2,1,1000.0,878.0,0.0,1.0,5.0,988.0,1047.1,917.5285714285714
2025-01-22,0.0,30.2,13.3,5.0,3,1,1000.0,944.6,0.0,2.0,8.6,878.0,932.1,919.3142857142858
2025-01-23,0.0,29.9,15.1,5.0,4,1,1000.0,889.0,0.0,3.0,5.0,944.6,905.8,916.9142857142857
2025-01-24,0.0,30.1,16.0,5.0,3,0,1000.0,939.6,0.0,4.0,5.0,889.0,958.3,914.2428571428571
2025-01-25,0.0,30.4,16.6,5.0,0,1,1000.0,948.1,0.0,3.0,5.0,939.6,974.4,910.4857142857144
2025-01-26,0.0,30.5,15.5,5.0,0,0,1000.0,1043.4,0.0,0.0,5.0,948.1,786.1,947.2428571428571
2025-01-27,0.0,30.6,14.6,5.0,3,1,1000.0,930.5,0.0,0.0,5.0,1043.4,988.0,939.0285714285714
2025-01-28,0.0,31.1,14.8,5.0,1,0,1000.0,1008.7,0.0,3.0,5.0,930.5,878.0,957.6999999999999
2025-01-29,0.0,31.0,16.0,5.0,2,3,1000.0,934.0,0.0,1.0,5.0,1008.7,944.6,956.1857142857142
2025-01-30,0.0,32.6,17.8,5.0,3,0,1000.0,959.9,0.0,2.0,5.0,934.0,889.0,966.3142857142857
2025-01-31,0.0,32.5,17.5,5.0,5,1,1000.0,864.1,0.0,3.0,5.0,959.9,939.6,955.5285714285716
2025-02-01,0.0,32.7,18.6,6.0,2,0,1000.0,963.4,0.0,5.0,5.0,864.1,948.1,957.7142857142857
2025-02-02,0.0,32.8,18.7,5.0,3,2,1000.0,882.7,0.0,2.0,6.0,963.4,1043.4,934.7571428571429
2025-02-03,0.0,34.1,19.3,5.0,2,0,1000.0,954.9,0.0,3.0,5.0,882.7,930.5,938.2428571428572
2025-02-04,0.0,34.2,19.5,5.0,0,0,1000.0,997.2,0.0,2.0,5.0,954.9,1008.7,936.6
2025-02-05,0.0,34.3,19.8,5.0,0,1,1000.0,971.0,0.0,0.0,5.0,997.2,934.0,941.8857142857144
2025-02-06,0.0,30.8,18.3,5.0,1,2,1000.0,947.4,0.0,0.0,5.0,971.0,959.9,940.1
2025-02-07,0.0,30.7,17.8,5.0,1,0,1000.0,1001.7,0.0,1.0,5.0,947.4,864.1,959.7571428571429
2025-02-08,0.0,32.4,17.6,5.0,3,0,1000.0,951.0,0.0,1.0,5.0,1001.7,963.4,957.9857142857143
2025-02-09,0.0,33.2,17.2,5.0,1,3,1000.0,922.1,0.0,3.0,5.0,951.0,882.7,963.6142857142858
2025-02-10,0.0,34.1,17.9,5.0,0,0,1000.0,983.5,0.0,1.0,5.0,922.1,954.9,967.6999999999999
2025-02-11,0.0,34.5,18.5,5.0,1,3,1000.0,949.4,0.0,0.0,5.0,983.5,997.2,960.8714285714285
2025-02-12,0.0,34.0,17.7,5.0,1,2,1000.0,918.0,0.0,1.0,5.0,949.4,971.0,953.3
2025-02-13,0.0,30.9,17.2,5.0,0,1,1000.0,1010.9,0.0,1.0,5.0,918.0,947.4,962.3714285714286
2025-02-14,0.0,32.0,15.8,5.0,1,1,1000.0,915.7,0.0,0.0,5.0,1010.9,1001.7,950.0857142857143
2025-02-15,0.0,33.6,15.3,5.0,2,2,1000.0,908.6,0.0,1.0,5.0,915.7,951.0,944.0285714285716
2025-02-16,0.0,34.4,15.6,5.0,0,1,1000.0,965.1,0.0,2.0,5.0,908.6,922.1,950.1714285714286
2025-02-17,0.0,34.6,17.4,5.0,2,2,1000.0,928.4,0.0,0.0,5.0,965.1,983.5,942.3000000000001
2025-02-18,0.0,34.6,18.9,5.0,2,0,1000.0,995.9,0.0,2.0,5.0,928.4,949.4,948.9428571428572
2025-02-19,0.0,34.3,20.7,5.0,3,1,1000.0,892.5,0.0,2.0,5.0,995.9,918.0,945.3000000000001
2025-02-20,0.0,34.7,19.5,5.0,1,2,1000.0,901.8,0.0,3.0,5.0,892.5,1010.9,929.7142857142857
2025-02-21,0.0,34.2,18.8,5.0,2,0,1000.0,927.9,0.0,1.0,5.0,901.8,915.7,931.4571428571428
2025-02-22,0.0,33.2,18.6,5.0,2,1,1000.0,984.6,0.0,2.0,5.0,927.9,908.6,942.3142857142857
2025-02-23,0.0,33.0,19.0,5.0,3,0,1000.0,963.9,0.0,2.0,5.0,984.6,965.1,942.1428571428571
2025-02-24,0.0,33.2,18.5,5.0,1,1,1000.0,927.5,0.0,3.0,5.0,963.9,928.4,942.0142857142856
2025-02-25,0.0,32.9,19.6,5.0,2,1,1000.0,931.7,0.0,1.0,5.0,927.5,995.9,932.842857142857
2025-02-26,0.0,34.0,19.4,5.0,1,1,1000.0,995.5,0.0,2.0,5.0,931.7,892.5,947.5571428571428
2025-02-27,0.0,34.8,19.8,5.0,0,0,1000.0,991.7,0.0,1.0,5.0,995.5,901.8,960.4
2025-02-28,0.0,35.5,19.3,5.0,1,2,1000.0,922.4,0.0,0.0,5.0,991.7,927.9,959.6142857142858
2025-03-01,0.0,35.6,20.0,5.0,1,0,1000.0,958.6,0.0,1.0,5.0,922.4,984.6,955.9
2025-03-02,0.0,36.1,21.2,5.0,5,0,1000.0,888.8,0.0,1.0,5.0,958.6,963.9,945.1714285714286
2025-03-03,0.0,36.0,20.7,5.0,3,0,1000.0,985.5,0.0,5.0,5.0,888.8,927.5,953.4571428571428
2025-03-04,0.0,36.8,20.3,5.0,0,0,1000.0,1041.2,0.0,3.0,5.0,985.5,931.7,969.1000000000001
2025-03-05,0.0,32.4,16.8,5.0,1,0,1000.0,955.4,0.0,0.0,5.0,1041.2,995.5,963.3714285714286
2025-03-06,0.0,33.3,16.7,5.0,2,1,1000.0,987.1,0.0,1.0,5.0,955.4,991.7,962.7142857142857
2025-03-07,0.0,35.0,16.6,5.0,3,2,1000.0,890.4,0.0,2.0,5.0,987.1,922.4,958.1428571428571
2025-03-08,0.0,36.5,16.5,5.0,1,5,1000.0,868.5,0.0,3.0,5.0,890.4,958.6,945.2714285714285
2025-03-09,0.0,36.3,20.8,5.0,1,0,1000.0,1020.8,0.0,1.0,5.0,868.5,888.8,964.1285714285715
2025-03-10,0.0,36.3,21.8,5.0,1,2,1000.0,924.1,0.0,1.0,5.0,1020.8,985.5,955.3571428571429
2025-03-11,0.0,37.2,20.5,5.0,1,1,1000.0,939.2,0.0,1.0,5.0,924.1,1041.2,940.7857142857143
2025-03-12,0.0,39.2,20.1,5.0,3,1,1000.0,933.0,0.0,1.0,5.0,939.2,955.4,937.5857142857143
2025-03-13,0.0,39.8,21.1,5.0,4,1,1000.0,857.7,0.0,3.0,5.0,933.0,987.1,919.1
2025-03-14,0.0,40.9,21.9,5.0,1,0,1000.0,989.9,0.0,4.0,5.0,857.7,890.4,933.3142857142857
2025-03-15,0.0,39.3,21.9,5.0,3,1,1000.0,912.8,0.0,1.0,5.0,989.9,868.5,939.6428571428571
2025-03-16,0.0,39.3,23.0,5.0,2,2,1000.0,881.2,0.0,3.0,5.0,912.8,1020.8,919.6999999999999
2025-03-17,0.0,39.0,23.4,5.0,2,1,1000.0,906.9,0.0,2.0,5.0,881.2,924.1,917.2428571428572
2025-03-18,0.0,38.4,23.3,5.0,0,1,1000.0,916.5,0.0,2.0,5.0,906.9,939.2,914.0
2025-03-19,0.0,38.4,23.3,5.0,2,1,1000.0,911.9,0.0,0.0,5.0,916.5,933.0,910.9857142857143
2025-03-20,0.0,38.2,24.7,5.0,1,1,1000.0,936.1,0.0,2.0,5.0,911.9,857.7,922.1857142857142
2025-03-21,0.1,37.6,22.3,5.0,1,1,1000.0,915.0,0.0,1.0,5.0,936.1,989.9,911.4857142857143
2025-03-22,0.0,36.2,21.5,5.0,1,1,1000.0,952.6,0.1,1.0,5.0,915.0,912.8,917.1714285714286
2025-03-23,0.0,36.3,21.5,5.0,0,0,1000.0,1007.7,0.0,1.0,5.0,952.6,881.2,935.2428571428571
2025-03-24,0.0,36.7,20.7,5.0,3,1,1000.0,915.1,0.0,0.0,5.0,1007.7,906.9,936.4142857142857
2025-03-25,0.0,37.7,20.8,5.0,4,2,1000.0,896.4,0.0,3.0,5.0,915.1,916.5,933.5428571428571
2025-03-26,0.0,38.3,21.4,5.0,4,1,1000.0,874.3,0.0,4.0,5.0,896.4,911.9,928.1714285714286
2025-03-27,0.0,39.5,21.1,5.0,2,1,1000.0,952.6,0.0,4.0,5.0,874.3,936.1,930.5285714285716
2025-03-28,0.0,39.8,22.9,5.0,0,0,1000.0,979.7,0.0,2.0,5.0,952.6,915.0,939.7714285714286
2025-03-29,0.0,38.7,24.2,5.0,3,0,1000.0,982.9,0.0,0.0,5.0,979.7,952.6,944.1
2025-03-30,0.0,39.3,23.9,5.0,2,0,1000.0,1020.9,0.0,3.0,5.0,982.9,1007.7,945.9857142857144
2025-03-31,0.0,39.0,24.9,5.0,1,0,1000.0,950.9,0.0,2.0,5.0,1020.9,915.1,951.1
2025-04-01,0.0,37.8,24.5,5.0,2,3,1000.0,868.1,0.0,1.0,5.0,950.9,896.4,947.0571428571429
2025-04-02,0.2,35.9,24.2,5.0,3,0,1000.0,942.9,0.0,2.0,5.0,868.1,874.3,956.8571428571429
2025-04-03,9.1,31.2,21.8,5.0,2,0,1000.0,977.0,0.2,3.0,5.0,942.9,952.6,960.342857142857
2025-04-04,0.0,36.7,21.9,5.0,2,0,1000.0,1001.3,9.1,2.0,5.0,977.0,979.7,963.4285714285714
2025-04-05,0.0,38.6,22.1,5.0,4,0,1000.0,902.4,0.0,2.0,5.0,1001.3,982.9,951.9285714285714
2025-04-06,0.0,40.9,22.0,5.0,0,1,1000.0,956.9,0.0,4.0,5.0,902.4,1020.9,942.7857142857143
2025-04-07,0.0,39.9,21.7,5.0,3,0,1000.0,926.4,0.0,0.0,5.0,956.9,950.9,939.2857142857143
2025-04-08,0.0,39.7,22.2,5.0,5,0,1000.0,920.0,0.0,3.0,5.0,926.4,868.1,946.6999999999999
2025-04-09,0.0,38.0,24.2,5.0,1,2,1000.0,965.3,0.0,5.0,5.0,920.0,942.9,949.9
2025-04-10,0.0,39.5,22.2,5.0,1,2,1000.0,905.3,0.0,1.0,5.0,965.3,977.0,939.657142857143
2025-04-11,0.0,41.0,22.3,5.0,3,0,1000.0,874.9,0.0,1.0,5.0,905.3,1001.3,921.6
2025-04-12,0.0,38.9,23.9,5.0,1,3,1000.0,912.8,0.0,3.0,5.0,874.9,902.4,923.0857142857143
2025-04-13,0.0,39.6,23.1,5.0,1,1,1000.0,912.0,0.0,1.0,5.0,912.8,956.9,916.6714285714286
2025-04-14,0.0,38.2,22.7,5.0,2,1,1000.0,924.7,0.0,1.0,5.0,912.0,926.4,916.4285714285714
2025-04-15,0.0,38.7,23.0,5.0,2,4,1000.0,875.1,0.0,2.0,5.0,924.7,920.0,910.0142857142857
2025-04-16,0.0,38.1,24.5,5.0,3,1,1000.0,923.4,0.0,2.0,5.0,875.1,965.3,904.0285714285714
2025-04-17,0.0,38.9,24.8,5.0,1,0,1000.0,962.4,0.0,3.0,5.0,923.4,905.3,912.1857142857142
2025-04-18,0.0,41.2,24.7,5.0,3,1,1000.0,881.7,0.0,1.0,5.0,962.4,874.9,913.157142857143
2025-04-19,0.0,42.5,26.2,5.0,2,1,1000.0,820.5,0.0,3.0,5.0,881.7,912.8,899.9714285714284
2025-04-20,0.0,42.8,25.2,5.0,2,0,1000.0,951.9,0.0,2.0,5.0,820.5,912.0,905.6714285714286
2025-04-21,0.0,42.6,24.4,5.0,6,0,1000.0,864.4,0.0,2.0,5.0,951.9,924.7,897.0571428571428
2025-04-22,0.0,43.1,24.7,5.0,3,0,1000.0,959.9,0.0,6.0,5.0,864.4,875.1,909.1714285714286
2025-04-23,0.0,42.9,24.2,5.0,3,2,1000.0,877.4,0.0,3.0,5.0,959.9,923.4,902.6
2025-04-24,0.0,42.8,24.1,5.6,2,0,1000.0,914.8,0.0,3.0,5.0,877.4,962.4,895.8000000000001
2025-04-25,0.0,42.4,24.3,5.0,4,0,1000.0,935.0,0.0,2.0,5.6,914.8,881.7,903.4142857142857
2025-04-26,0.0,40.8,28.3,5.0,0,0,1000.0,1005.5,0.0,4.0,5.0,935.0,820.5,929.842857142857
2025-04-27,1.3,37.9,24.9,5.0,2,0,1000.0,947.4,0.0,0.0,5.0,1005.5,951.9,929.1999999999999
2025-04-28,0.0,39.3,24.6,5.0,1,1,1000.0,974.3,1.3,2.0,5.0,947.4,864.4,944.9
2025-04-29,0.0,39.7,25.5,5.0,3,0,1000.0,914.8,0.0,1.0,5.0,974.3,959.9,938.4571428571428
2025-04-30,0.0,40.3,24.9,5.0,2,0,1000.0,948.3,0.0,3.0,5.0,914.8,877.4,948.5857142857142
2025-05-01,0.0,39.0,24.1,5.0,1,0,1000.0,982.1,0.0,2.0,5.0,948.3,914.8,958.1999999999999
2025-05-02,0.0,37.9,23.5,5.0,1,1,1000.0,969.0,0.0,1.0,5.0,982.1,935.0,963.0571428571428
2025-05-03,2.9,38.7,22.2,5.0,3,0,1000.0,951.7,0.0,1.0,5.0,969.0,1005.5,955.3714285714285
2025-05-04,10.2,38.3,21.8,5.0,1,0,1000.0,946.3,2.9,3.0,5.0,951.7,947.4,955.2142857142857
2025-05-05,0.5,37.6,21.6,6.6,1,1,1000.0,979.2,10.2,1.0,5.0,946.3,974.3,955.9142857142857
2025-05-06,0.0,36.7,22.8,9.4,2,0,1000.0,957.8,0.5,1.0,6.6,979.2,914.8,962.0571428571428
2025-05-07,0.0,36.5,23.0,5.0,0,2,1000.0,925.4,0.0,2.0,9.4,957.8,948.3,958.7857142857143
2025-05-08,0.0,37.1,22.7,5.0,3,1,1000.0,902.9,0.0,0.0,5.0,925.4,982.1,947.4714285714286
2025-05-09,0.0,37.7,24.9,5.0,3,2,1000.0,949.7,0.0,3.0,5.0,902.9,969.0,944.7142857142857
2025-05-10,0.0,39.4,24.6,5.0,1,0,1000.0,940.7,0.0,3.0,5.0,949.7,951.7,943.1428571428571
2025-05-11,0.0,39.4,26.1,5.0,2,1,1000.0,961.7,0.0,1.0,5.0,940.7,946.3,945.342857142857
2025-05-12,1.2,37.7,25.8,5.0,3,2,1000.0,856.0,0.0,2.0,5.0,961.7,979.2,927.7428571428572
2025-05-13,0.7,39.1,26.5,5.0,2,0,1000.0,963.3,1.2,3.0,5.0,856.0,957.8,928.5285714285714
2025-05-14,0.3,38.7,26.3,5.0,3,1,1000.0,920.1,0.7,2.0,5.0,963.3,925.4,927.7714285714286
2025-05-15,0.0,37.8,26.0,5.0,2,0,1000.0,1004.6,0.3,3.0,5.0,920.1,902.9,942.3000000000001
2025-05-16,4.6,39.4,26.5,7.8,0,0,1000.0,952.8,0.0,2.0,5.0,1004.6,949.7,942.7428571428571
2025-05-17,0.0,39.1,26.4,5.0,1,1,1000.0,911.6,4.6,0.0,7.8,952.8,940.7,938.5857142857143
2025-05-18,0.0,38.4,27.2,5.0,1,1,1000.0,939.5,0.0,1.0,5.0,911.6,961.7,935.4142857142857
2025-05-19,0.4,38.1,25.5,5.4,1,0,1000.0,1019.0,0.0,1.0,5.0,939.5,856.0,958.6999999999999
2025-05-20,0.0,39.5,26.7,5.0,1,1,1000.0,911.0,0.4,1.0,5.4,1019.0,963.3,951.2285714285715
2025-05-21,0.5,39.2,26.0,5.0,0,0,1000.0,900.7,0.0,1.0,5.0,911.0,920.1,948.4571428571428
2025-05-22,0.0,30.3,24.1,5.8,2,1,1000.0,946.8,0.5,0.0,5.0,900.7,1004.6,940.2
2025-05-23,0.0,35.3,23.9,5.0,1,1,1000.0,987.0,0.0,2.0,5.8,946.8,952.8,945.0857142857143
2025-05-24,2.7,32.9,24.3,5.0,3,2,1000.0,871.3,0.0,1.0,5.0,987.0,911.6,939.3285714285714
2025-05-25,0.8,34.7,24.2,5.0,2,0,1000.0,994.5,2.7,3.0,5.0,871.3,939.5,947.1857142857143
2025-05-26,9.6,35.1,25.0,8.9,2,2,1000.0,876.9,0.8,2.0,5.0,994.5,1019.0,926.8857142857142
2025-05-27,4.8,37.0,24.9,6.2,0,2,1000.0,929.8,9.6,2.0,8.9,876.9,911.0,929.5714285714286
2025-05-28,11.0,36.8,24.8,9.7,1,0,1000.0,985.4,4.8,0.0,6.2,929.8,900.7,941.6714285714286
2025-05-29,0.0,37.1,26.0,12.4,1,1,1000.0,913.9,11.0,1.0,9.7,985.4,946.8,936.9714285714284
2025-05-30,1.9,36.9,26.8,11.8,3,0,1000.0,948.7,0.0,1.0,12.4,913.9,987.0,931.5
2025-05-31,0.0,37.5,26.0,10.8,1,2,1000.0,958.9,1.9,3.0,11.8,948.7,871.3,944.0142857142856
2025-06-01,0.0,36.6,24.7,10.2,2,0,1000.0,976.2,0.0,1.0,10.8,958.9,994.5,941.3999999999999
2025-06-02,1.2,35.8,24.8,7.9,2,1,1000.0,917.9,0.0,2.0,10.2,976.2,876.9,947.2571428571429
2025-06-03,0.0,35.2,25.2,8.9,3,1,1000.0,974.6,1.2,2.0,7.9,917.9,929.8,953.6571428571427
2025-06-04,1.2,33.5,24.6,8.9,4,0,1000.0,958.3,0.0,3.0,8.9,974.6,985.4,949.7857142857143
2025-06-05,0.0,36.1,24.3,6.2,0,1,1000.0,913.7,1.2,4.0,8.9,958.3,913.9,949.7571428571429
2025-06-06,0.0,38.1,23.8,10.7,2,2,1000.0,930.4,0.0,0.0,6.2,913.7,948.7,947.1428571428571
2025-06-07,0.0,37.1,24.7,7.4,1,1,1000.0,932.4,0.0,2.0,10.7,930.4,958.9,943.3571428571429
2025-06-08,0.0,40.5,26.8,5.0,3,1,1000.0,908.4,0.0,1.0,7.4,932.4,976.2,933.6714285714287
2025-06-09,0.0,41.3,25.7,6.8,1,2,1000.0,933.7,0.0,3.0,5.0,908.4,917.9,935.9285714285714
2025-06-10,0.0,41.2,25.2,5.0,1,0,1000.0,937.5,0.0,1.0,6.8,933.7,974.6,930.6285714285715
2025-06-11,0.5,36.7,27.1,6.4,2,0,1000.0,911.5,0.0,1.0,5.0,937.5,958.3,923.9428571428572
2025-06-12,0.0,37.1,27.0,6.7,2,0,1000.0,1004.7,0.5,2.0,6.4,911.5,913.7,936.9428571428572
2025-06-13,0.4,36.0,26.7,5.0,0,1,1000.0,1004.5,0.0,2.0,6.7,1004.7,930.4,947.5285714285714
2025-06-14,0.3,37.1,26.1,5.9,1,1,1000.0,946.5,0.4,0.0,5.0,1004.5,932.4,949.5428571428572
2025-06-15,0.0,36.5,26.7,5.0,4,2,1000.0,908.1,0.3,1.0,5.9,946.5,908.4,949.5
2025-06-16,5.9,34.7,24.7,7.4,3,0,1000.0,936.8,0.0,4.0,5.0,908.1,933.7,949.9428571428571
2025-06-17,4.8,31.7,24.8,11.0,0,0,1000.0,997.1,5.9,3.0,7.4,936.8,937.5,958.4571428571428
2025-06-18,0.1,35.3,26.6,6.2,1,1,1000.0,954.1,4.8,0.0,11.0,997.1,911.5,964.5428571428572
2025-06-19,0.6,32.6,24.8,5.0,0,0,1000.0,989.4,0.1,1.0,6.2,954.1,1004.7,962.3571428571429
2025-06-20,3.8,30.1,24.6,5.6,2,2,1000.0,926.2,0.6,0.0,5.0,989.4,1004.5,951.1714285714286
2025-06-21,3.1,33.4,24.2,6.4,1,0,1000.0,945.0,3.8,2.0,5.6,926.2,946.5,950.9571428571428
2025-06-22,6.3,28.9,24.3,9.8,2,2,1000.0,904.9,3.1,1.0,6.4,945.0,908.1,950.5
2025-06-23,18.3,33.7,24.2,17.1,4,2,1000.0,877.5,6.3,2.0,9.8,904.9,936.8,942.0285714285716
2025-06-24,28.9,32.2,24.1,27.2,0,0,1000.0,1020.5,18.3,4.0,17.1,877.5,997.1,945.3714285714286
2025-06-25,7.3,31.2,24.2,29.1,2,2,1000.0,876.2,28.9,0.0,27.2,1020.5,954.1,934.2428571428571
2025-06-26,8.3,29.4,23.9,28.6,2,0,1000.0,975.7,7.3,2.0,29.1,876.2,989.4,932.2857142857143
2025-06-27,3.2,30.7,23.9,30.5,1,0,1000.0,1000.1,8.3,2.0,28.6,975.7,926.2,942.8428571428573
2025-06-28,4.3,31.7,23.8,26.6,0,4,1000.0,838.5,3.2,1.0,30.5,1000.1,945.0,927.6285714285715
2025-06-29,25.5,28.7,22.7,40.6,3,2,1000.0,886.7,4.3,0.0,26.6,838.5,904.9,925.0285714285714
2025-06-30,44.4,31.3,23.0,51.3,3,1,1000.0,903.1,25.5,3.0,40.6,886.7,877.5,928.6857142857143
2025-07-01,22.9,29.1,23.1,53.5,2,1,1000.0,935.2,44.4,3.0,51.3,903.1,1020.5,916.5
2025-07-02,2.5,29.3,23.7,49.7,0,0,1000.0,994.5,22.9,2.0,53.5,935.2,876.2,933.4
2025-07-03,15.6,30.6,24.1,54.9,1,0,1000.0,976.3,2.5,0.0,49.7,994.5,975.7,933.4857142857144
2025-07-04,8.4,27.0,24.2,52.5,2,0,1000.0,965.0,15.6,1.0,54.9,976.3,1000.1,928.4714285714286
2025-07-05,4.0,29.1,24.1,51.8,5,0,1000.0,869.5,8.4,2.0,52.5,965.0,838.5,932.9
2025-07-06,46.8,28.0,23.5,66.0,2,0,1000.0,919.6,4.0,5.0,51.8,869.5,886.7,937.6
2025-07-07,124.7,24.1,22.8,95.0,8,5,1000.0,594.3,46.8,2.0,66.0,919.6,903.1,893.4857142857143
2025-07-08,65.3,26.7,22.6,95.0,4,0,1000.0,840.5,124.7,8.0,95.0,594.3,935.2,879.9571428571428
2025-07-09,15.7,26.6,22.7,95.0,2,0,1000.0,1025.7,65.3,4.0,95.0,840.5,994.5,884.4142857142857
2025-07-10,30.0,30.7,22.7,95.0,5,1,1000.0,901.6,15.7,2.0,95.0,1025.7,976.3,873.7428571428571
2025-07-11,14.2,31.4,22.9,95.0,4,3,1000.0,813.5,30.0,5.0,95.0,901.6,965.0,852.1
2025-07-12,0.0,32.3,23.7,95.0,2,1,1000.0,955.4,14.2,4.0,95.0,813.5,869.5,864.3714285714285
2025-07-13,4.5,31.2,24.8,95.0,0,2,1000.0,988.3,0.0,2.0,95.0,955.4,919.6,874.1857142857143
2025-07-14,10.9,32.0,24.7,95.0,3,0,1000.0,897.0,4.5,0.0,95.0,988.3,594.3,917.4285714285714
2025-07-15,2.2,32.0,24.6,88.8,2,0,1000.0,969.7,10.9,3.0,95.0,897.0,840.5,935.8857142857142
2025-07-16,9.8,28.8,24.3,83.1,3,1,1000.0,922.0,2.2,2.0,88.8,969.7,1025.7,921.0714285714286
2025-07-17,7.0,29.3,24.3,81.2,1,1,1000.0,913.4,9.8,3.0,83.1,922.0,901.6,922.7571428571429
2025-07-18,1.4,31.3,23.9,75.1,1,3,1000.0,919.7,7.0,1.0,81.2,913.4,813.5,937.9285714285714
2025-07-19,0.3,33.1,23.7,66.8,5,0,1000.0,958.1,1.4,1.0,75.1,919.7,955.4,938.3142857142858
2025-07-20,21.2,32.2,23.4,72.8,3,0,1000.0,974.8,0.3,5.0,66.8,958.1,988.3,936.3857142857142
2025-07-21,11.6,32.9,23.4,72.0,4,1,1000.0,893.6,21.2,3.0,72.8,974.8,897.0,935.9
2025-07-22,18.1,30.9,24.5,74.7,2,1,1000.0,998.3,11.6,4.0,72.0,893.6,969.7,939.9857142857144
2025-07-23,28.5,31.9,24.2,80.2,1,0,1000.0,889.1,18.1,2.0,74.7,998.3,922.0,935.2857142857143
2025-07-24,60.7,27.1,23.4,93.4,1,0,1000.0,922.8,28.5,1.0,80.2,889.1,913.4,936.6285714285714
2025-07-25,46.7,26.6,23.3,95.0,0,1,1000.0,876.6,60.7,1.0,93.4,922.8,919.7,930.4714285714286
2025-07-26,69.8,27.0,23.4,95.0,6,1,1000.0,803.9,46.7,0.0,95.0,876.6,958.1,908.4428571428572
2025-07-27,0.5,31.0,23.6,95.0,3,1,1000.0,913.7,69.8,6.0,95.0,803.9,974.8,899.7142857142857
2025-07-28,14.3,28.2,23.4,95.0,3,2,1000.0,903.0,0.5,3.0,95.0,913.7,893.6,901.0571428571428
2025-07-29,11.7,26.2,23.3,95.0,4,4,1000.0,822.2,14.3,3.0,95.0,903.0,998.3,875.8999999999999
2025-07-30,1.9,29.9,23.1,95.0,2,1,1000.0,917.9,11.7,4.0,95.0,822.2,889.1,880.0142857142857
2025-07-31,2.0,30.9,23.2,95.0,4,0,1000.0,914.8,1.9,2.0,95.0,917.9,922.8,878.8714285714286
2025-08-01,0.0,32.4,23.4,87.8,1,1,1000.0,1018.0,2.0,4.0,95.0,914.8,876.6,899.0714285714286
2025-08-02,0.1,32.0,24.2,80.4,2,4,1000.0,883.2,0.0,1.0,87.8,1018.0,803.9,910.4
2025-08-03,0.5,32.4,24.0,72.3,0,0,1000.0,948.3,0.1,2.0,80.4,883.2,913.7,915.3428571428573
2025-08-04,0.4,33.0,23.9,68.8,5,1,1000.0,916.0,0.5,0.0,72.3,948.3,903.0,917.2
2025-08-05,0.6,32.5,24.1,60.6,2,0,1000.0,963.4,0.4,5.0,68.8,916.0,822.2,937.3714285714286
2025-08-06,1.5,32.8,24.6,57.3,2,0,1000.0,968.3,0.6,2.0,60.6,963.4,917.9,944.5714285714286
2025-08-07,5.1,32.6,23.8,54.2,3,2,1000.0,923.5,1.5,2.0,57.3,968.3,914.8,945.8142857142857
2025-08-08,6.4,30.3,23.2,53.5,2,1,1000.0,972.8,5.1,3.0,54.2,923.5,1018.0,939.3571428571429
2025-08-09,2.4,30.7,23.5,54.7,6,0,1000.0,881.4,6.4,2.0,53.5,972.8,883.2,939.1
2025-08-10,2.2,32.1,23.4,43.2,2,2,1000.0,916.5,2.4,6.0,54.7,881.4,948.3,934.5571428571428
2025-08-11,2.3,31.7,23.7,45.5,2,0,1000.0,950.9,2.2,2.0,43.2,916.5,916.0,939.5428571428571
2025-08-12,14.0,31.9,24.3,42.9,2,2,1000.0,921.1,2.3,2.0,45.5,950.9,963.4,933.5
2025-08-13,36.7,28.9,23.7,56.2,3,2,1000.0,854.0,14.0,2.0,42.9,921.1,968.3,917.1714285714286
2025-08-14,3.9,31.6,23.9,56.3,3,3,1000.0,876.2,36.7,3.0,56.2,854.0,923.5,910.4142857142857
2025-08-15,25.1,29.6,23.4,60.0,3,1,1000.0,891.8,3.9,3.0,56.3,876.2,972.8,898.8428571428573
2025-08-16,32.8,30.1,23.3,66.0,6,0,1000.0,867.5,25.1,3.0,60.0,891.8,881.4,896.8571428571429
2025-08-17,1.6,30.8,24.1,61.9,1,3,1000.0,959.2,32.8,6.0,66.0,867.5,916.5,902.9571428571428
2025-08-18,10.7,30.7,24.1,63.9,2,1,1000.0,1003.9,1.6,1.0,61.9,959.2,950.9,910.5285714285716
2025-08-19,25.5,31.0,23.8,66.3,1,4,1000.0,865.7,10.7,2.0,63.9,1003.9,921.1,902.6142857142858
2025-08-20,19.7,28.3,23.4,70.7,2,1,1000.0,918.4,25.5,1.0,66.3,865.7,854.0,911.8142857142857
2025-08-21,9.6,29.8,23.4,68.5,3,1,1000.0,870.6,19.7,2.0,70.7,918.4,876.2,911.0142857142857
2025-08-22,16.8,26.9,23.6,68.4,3,1,1000.0,887.0,9.6,3.0,68.5,870.6,891.8,910.3285714285714
2025-08-23,7.8,27.5,23.0,71.5,2,1,1000.0,931.8,16.8,3.0,68.4,887.0,867.5,919.5142857142857
2025-08-24,12.4,28.9,23.0,68.1,1,1,1000.0,923.7,7.8,2.0,71.5,931.8,959.2,914.4428571428572
2025-08-25,1.6,29.5,23.0,58.1,4,2,1000.0,869.8,12.4,1.0,68.1,923.7,1003.9,895.2857142857143
2025-08-26,13.2,30.1,23.0,62.8,1,0,1000.0,1016.4,1.6,4.0,58.1,869.8,865.7,916.8142857142857
2025-08-27,25.2,31.5,23.2,66.2,2,2,1000.0,890.6,13.2,1.0,62.8,1016.4,918.4,912.842857142857
2025-08-28,22.5,28.8,23.2,72.8,2,1,1000.0,921.5,25.2,2.0,66.2,890.6,870.6,920.1142857142856
2025-08-29,4.6,30.5,23.5,65.7,2,2,1000.0,894.3,22.5,2.0,72.8,921.5,887.0,921.1571428571427
2025-08-30,3.8,30.6,23.5,63.2,0,0,1000.0,1030.8,4.6,2.0,65.7,894.3,931.8,935.3
2025-08-31,16.1,29.7,23.7,65.8,4,2,1000.0,864.3,3.8,0.0,63.2,1030.8,923.7,926.8142857142857
2025-09-01,63.5,28.7,23.6,86.7,5,3,1000.0,758.2,16.1,4.0,65.8,864.3,869.8,910.8714285714285
2025-09-02,42.4,28.3,21.9,92.7,0,1,1000.0,876.7,63.5,5.0,86.7,758.2,1016.4,890.9142857142857
2025-09-03,18.1,26.8,22.4,94.1,2,0,1000.0,946.4,42.4,0.0,92.7,876.7,890.6,898.8857142857142
2025-09-04,12.0,28.5,23.0,91.0,2,1,1000.0,914.0,18.1,2.0,94.1,946.4,921.5,897.8142857142858
2025-09-05,0.4,30.0,22.9,83.5,3,2,1000.0,955.1,12.0,2.0,91.0,914.0,894.3,906.5
2025-09-06,2.7,29.4,23.2,82.6,2,0,1000.0,1022.1,0.4,3.0,83.5,955.1,1030.8,905.2571428571429
2025-09-07,2.7,30.2,23.1,74.7,0,0,1000.0,959.7,2.7,2.0,82.6,1022.1,864.3,918.8857142857142
2025-09-08,5.6,30.1,23.0,67.7,2,0,1000.0,929.6,2.7,0.0,74.7,959.7,758.2,943.3714285714286
2025-09-09,7.2,31.6,23.4,69.3,2,1,1000.0,928.1,5.6,2.0,67.7,929.6,876.7,950.7142857142857
2025-09-10,2.2,31.6,23.8,67.2,3,3,1000.0,852.9,7.2,2.0,69.3,928.1,946.4,937.3571428571429
2025-09-11,10.7,30.0,24.0,64.2,2,0,1000.0,963.7,2.2,3.0,67.2,852.9,914.0,944.4571428571428
2025-09-12,22.7,30.9,23.7,63.2,2,2,1000.0,883.0,10.7,2.0,64.2,963.7,955.1,934.157142857143
2025-09-13,8.9,30.5,23.4,63.6,0,1,1000.0,972.7,22.7,2.0,63.2,883.0,1022.1,927.1
2025-09-14,10.3,30.6,23.6,66.0,3,2,1000.0,923.1,8.9,0.0,63.6,972.7,959.7,921.8714285714286
2025-09-15,11.0,29.2,23.9,61.4,3,3,1000.0,834.9,10.3,3.0,66.0,923.1,929.6,908.342857142857
2025-09-16,10.3,30.1,23.9,62.8,4,1,1000.0,932.5,11.0,3.0,61.4,834.9,928.1,908.9714285714286
2025-09-17,4.1,29.8,23.4,60.1,0,0,1000.0,973.2,10.3,4.0,62.8,932.5,852.9,926.157142857143
2025-09-18,1.9,30.2,23.2,52.8,4,0,1000.0,1002.2,4.1,0.0,60.1,973.2,963.7,931.657142857143
2025-09-19,0.2,31.1,23.4,50.3,0,4,1000.0,948.4,1.9,4.0,52.8,1002.2,883.0,941.0
2025-09-20,2.3,31.6,23.8,40.8,2,1,1000.0,938.8,0.2,0.0,50.3,948.4,972.7,936.157142857143
2025-09-21,0.2,32.1,23.8,41.5,1,0,1000.0,955.9,2.3,2.0,40.8,938.8,923.1,940.842857142857
2025-09-22,0.0,32.8,23.5,39.6,2,0,1000.0,935.4,0.2,1.0,41.5,955.9,834.9,955.2
2025-09-23,0.0,32.5,23.1,34.4,2,1,1000.0,971.2,0.0,2.0,39.6,935.4,932.5,960.7285714285715
2025-09-24,0.8,32.8,24.1,37.5,0,0,1000.0,998.1,0.0,2.0,34.4,971.2,973.2,964.2857142857143
2025-09-25,14.6,29.0,23.4,34.5,2,0,1000.0,980.3,0.8,0.0,37.5,998.1,1002.2,961.1571428571427
2025-09-26,5.6,31.7,24.1,35.7,4,0,1000.0,999.4,14.6,2.0,34.5,980.3,948.4,968.4428571428572
2025-09-27,26.6,28.7,23.5,44.6,1,3,1000.0,855.0,5.6,4.0,35.7,999.4,938.8,956.4714285714286
2025-09-28,1.9,29.7,22.6,44.4,2,0,1000.0,930.8,26.6,1.0,44.6,855.0,955.9,952.8857142857142
2025-09-29,1.7,30.0,22.4,36.0,3,1,1000.0,933.7,1.9,2.0,44.4,930.8,935.4,952.6428571428571
2025-09-30,0.5,31.4,23.0,38.3,0,0,1000.0,1033.7,1.7,3.0,36.0,933.7,971.2,961.5714285714286
2025-10-01,4.0,31.5,23.5,34.7,2,0,1000.0,937.0,0.5,0.0,38.3,1033.7,998.1,952.842857142857
2025-10-02,8.5,30.7,23.2,33.4,1,0,1000.0,975.8,4.0,2.0,34.7,937.0,980.3,952.2
2025-10-03,3.3,29.8,24.1,34.7,0,0,1000.0,1037.1,8.5,1.0,33.4,975.8,999.4,957.5857142857142
2025-10-04,7.4,30.2,23.2,34.5,1,0,1000.0,927.1,3.3,0.0,34.7,1037.1,855.0,967.8857142857142
2025-10-05,6.8,30.1,23.3,32.9,3,1,1000.0,928.9,7.4,1.0,34.5,927.1,930.8,967.6142857142858
2025-10-06,20.5,27.9,22.9,39.7,1,0,1000.0,944.2,6.8,3.0,32.9,928.9,933.7,969.1142857142856
2025-10-07,0.5,30.2,22.0,35.8,2,1,1000.0,948.1,20.5,1.0,39.7,944.2,1033.7,956.8857142857142
2025-10-08,0.0,30.5,22.2,33.9,1,0,1000.0,1006.3,0.5,2.0,35.8,948.1,937.0,966.7857142857143
2025-10-09,0.0,30.6,21.5,32.3,5,1,1000.0,906.6,0.0,1.0,33.9,1006.3,975.8,956.8999999999999
2025-10-10,1.6,28.9,21.7,32.3,1,0,1000.0,952.8,0.0,5.0,32.3,906.6,1037.1,944.8571428571429
2025-10-11,1.0,29.4,20.0,24.7,4,1,1000.0,898.8,1.6,1.0,32.3,952.8,927.1,940.8142857142857
2025-10-12,0.0,30.4,20.3,29.3,2,2,1000.0,962.8,1.0,4.0,24.7,898.8,928.9,945.657142857143
2025-10-13,0.9,29.4,21.1,19.5,0,1,1000.0,983.8,0.0,2.0,29.3,962.8,944.2,951.3142857142856
2025-10-14,0.7,30.1,21.6,21.5,1,0,1000.0,1009.4,0.9,0.0,19.5,983.8,948.1,960.0714285714286
2025-10-15,0.0,30.9,21.7,21.2,3,1,1000.0,937.5,0.7,1.0,21.5,1009.4,1006.3,950.2428571428571
2025-10-16,0.0,31.0,21.4,19.0,2,1,1000.0,969.3,0.0,3.0,21.2,937.5,906.6,959.2
2025-10-17,0.2,30.5,21.1,15.8,3,1,1000.0,917.9,0.0,2.0,19.0,969.3,952.8,954.2142857142857
2025-10-18,0.0,30.6,19.2,15.3,3,1,1000.0,907.0,0.2,3.0,15.8,917.9,898.8,955.3857142857142
2025-10-19,0.0,30.8,19.5,13.4,1,1,1000.0,982.9,0.0,3.0,15.3,907.0,962.8,958.2571428571428
2025-10-20,0.7,30.1,19.4,12.4,0,2,1000.0,983.0,0.0,1.0,13.4,982.9,983.8,958.1428571428571
2025-10-21,0.1,31.3,22.5,14.2,1,2,1000.0,907.5,0.7,0.0,12.4,983.0,1009.4,943.5857142857142
2025-10-22,0.0,32.2,22.4,12.2,4,4,1000.0,822.7,0.1,1.0,14.2,907.5,937.5,927.1857142857143
2025-10-23,0.0,32.2,22.5,9.2,2,0,1000.0,965.1,0.0,4.0,12.2,822.7,969.3,926.5857142857142
2025-10-24,0.6,31.4,22.6,11.8,4,1,1000.0,962.9,0.0,2.0,9.2,965.1,917.9,933.0142857142857
2025-10-25,4.1,27.3,21.9,11.4,3,1,1000.0,942.0,0.6,4.0,11.8,962.9,907.0,938.0142857142857
2025-10-26,9.4,27.8,21.6,15.3,2,1,1000.0,894.0,4.1,3.0,11.4,942.0,982.9,925.3142857142858
2025-10-27,1.1,30.9,21.5,14.3,3,1,1000.0,925.9,9.4,2.0,15.3,894.0,983.0,917.157142857143
2025-10-28,0.9,29.7,23.8,10.7,2,0,1000.0,961.5,1.1,3.0,14.3,925.9,907.5,924.8714285714286
2025-10-29,7.1,29.3,23.4,13.1,2,1,1000.0,901.3,0.9,2.0,10.7,961.5,822.7,936.1
2025-10-30,9.8,25.5,22.1,18.5,2,0,1000.0,955.1,7.1,2.0,13.1,901.3,965.1,934.6714285714286
2025-10-31,11.2,28.5,21.6,21.3,3,0,1000.0,932.9,9.8,2.0,18.5,955.1,962.9,930.3857142857142
2025-11-01,0.2,30.4,22.2,18.6,1,1,1000.0,948.9,11.2,3.0,21.3,932.9,942.0,931.3714285714285
2025-11-02,2.0,29.4,21.8,18.1,2,1,1000.0,930.4,0.2,1.0,18.6,948.9,894.0,936.5714285714286
2025-11-03,0.0,31.7,20.8,19.0,3,1,1000.0,974.1,2.0,2.0,18.1,930.4,925.9,943.4571428571428
2025-11-04,0.7,30.0,20.7,14.3,2,0,1000.0,958.2,0.0,3.0,19.0,974.1,961.5,942.9857142857143
2025-11-05,0.0,30.6,20.4,15.3,0,1,1000.0,976.5,0.7,2.0,14.3,958.2,901.3,953.7285714285714
2025-11-06,0.0,30.5,17.6,12.7,1,1,1000.0,958.2,0.0,0.0,15.3,976.5,955.1,954.1714285714287
2025-11-07,0.0,29.8,17.4,11.6,2,1,1000.0,929.8,0.0,1.0,12.7,958.2,932.9,953.7285714285714
2025-11-08,0.0,29.1,14.6,13.3,2,0,1000.0,972.4,0.0,2.0,11.6,929.8,948.9,957.0857142857143
2025-11-09,0.0,27.7,13.6,11.8,1,0,1000.0,987.0,0.0,2.0,13.3,972.4,930.4,965.1714285714287
2025-11-10,0.0,27.9,13.1,11.0,0,0,1000.0,1002.4,0.0,1.0,11.8,987.0,974.1,969.2142857142857
2025-11-11,0.0,27.8,13.6,11.2,5,1,1000.0,874.2,0.0,0.0,11.0,1002.4,958.2,957.2142857142857
2025-11-12,0.0,28.3,13.4,8.0,2,3,1000.0,888.8,0.0,5.0,11.2,874.2,976.5,944.6857142857143
2025-11-13,0.0,28.0,13.9,8.7,1,1,1000.0,982.8,0.0,2.0,8.0,888.8,958.2,948.1999999999999
2025-11-14,0.0,27.7,13.4,6.1,2,0,1000.0,964.6,0.0,1.0,8.7,982.8,929.8,953.1714285714287
2025-11-15,0.0,27.7,14.0,6.8,0,0,1000.0,1004.9,0.0,2.0,6.1,964.6,972.4,957.8142857142857
2025-11-16,0.0,26.9,14.1,5.4,2,3,1000.0,900.0,0.0,0.0,6.8,1004.9,987.0,945.3857142857142
2025-11-17,0.0,26.4,14.2,5.4,1,1,1000.0,972.5,0.0,2.0,5.4,900.0,1002.4,941.1142857142858
2025-11-18,0.0,26.8,13.8,6.0,3,0,1000.0,971.8,0.0,1.0,5.4,972.5,874.2,955.0571428571429
2025-11-19,0.0,27.5,13.2,5.0,4,1,1000.0,909.8,0.0,3.0,6.0,971.8,888.8,958.0571428571428
2025-11-20,0.0,28.2,13.3,8.3,2,0,1000.0,942.7,0.0,4.0,5.0,909.8,982.8,952.3285714285714
2025-11-21,0.0,28.6,13.9,5.0,0,0,1000.0,963.4,0.0,2.0,8.3,942.7,964.6,952.157142857143
2025-11-22,0.0,28.8,14.3,5.0,2,3,1000.0,925.5,0.0,0.0,5.0,963.4,1004.9,940.8142857142857
2025-11-23,0.0,28.9,14.4,5.5,2,0,1000.0,993.1,0.0,2.0,5.0,925.5,900.0,954.1142857142858
2025-11-24,0.0,29.1,15.8,5.0,3,1,1000.0,949.5,0.0,2.0,5.5,993.1,972.5,950.8285714285714
2025-11-25,0.0,28.8,16.8,5.0,5,0,1000.0,949.3,0.0,3.0,5.0,949.5,971.8,947.6142857142856
2025-11-26,0.0,28.6,16.7,5.0,2,2,1000.0,915.2,0.0,5.0,5.0,949.3,909.8,948.3857142857144
2025-11-27,0.0,28.2,15.1,5.0,3,0,1000.0,936.3,0.0,2.0,5.0,915.2,942.7,947.4714285714284
2025-11-28,0.0,25.9,13.5,5.0,3,0,1000.0,925.6,0.0,3.0,5.0,936.3,963.4,942.0714285714286
2025-11-29,0.0,26.4,13.0,5.0,2,0,1000.0,937.3,0.0,3.0,5.0,925.6,925.5,943.7571428571429
2025-11-30,0.0,26.4,13.7,5.0,5,2,1000.0,911.4,0.0,2.0,5.0,937.3,993.1,932.0857142857142
2025-12-01,0.0,26.9,14.0,5.0,2,1,1000.0,930.2,0.0,5.0,5.0,911.4,949.5,929.3285714285713
2025-12-02,0.0,27.1,13.9,5.0,5,1,1000.0,931.6,0.0,2.0,5.0,930.2,949.3,926.8000000000001
2025-12-03,0.0,26.6,13.8,5.0,0,3,1000.0,919.4,0.0,5.0,5.0,931.6,915.2,927.3999999999999
2025-12-04,0.0,26.5,14.2,5.0,1,1,1000.0,939.7,0.0,0.0,5.0,919.4,936.3,927.8857142857144
2025-12-05,0.0,26.4,13.2,5.0,1,0,1000.0,952.2,0.0,1.0,5.0,939.7,925.6,931.6857142857143
2025-12-06,0.0,26.2,12.8,5.0,2,0,1000.0,952.4,0.0,1.0,5.0,952.2,937.3,933.842857142857
2025-12-07,0.0,27.7,12.3,5.0,1,0,1000.0,1027.5,0.0,2.0,5.0,952.4,911.4,950.4285714285714
2025-12-08,0.0,28.9,12.9,5.0,1,1,1000.0,927.5,0.0,1.0,5.0,1027.5,930.2,950.0428571428572
2025-12-09,0.0,28.6,13.4,5.0,0,2,1000.0,1013.5,0.0,1.0,5.0,927.5,931.6,961.7428571428571
2025-12-10,0.0,27.9,12.3,5.0,3,0,1000.0,929.8,0.0,0.0,5.0,1013.5,919.4,963.2285714285715
2025-12-11,0.0,27.6,11.6,5.0,3,0,1000.0,977.5,0.0,3.0,5.0,929.8,939.7,968.6285714285714
2025-12-12,0.0,27.6,12.0,5.0,0,1,1000.0,970.6,0.0,3.0,5.0,977.5,952.2,971.2571428571429
2025-12-13,0.0,27.7,11.9,5.0,1,1,1000.0,950.4,0.0,0.0,5.0,970.6,952.4,970.9714285714286
2025-12-14,0.0,27.2,12.4,5.0,2,0,1000.0,931.9,0.0,1.0,5.0,950.4,1027.5,957.3142857142857
2025-12-15,0.0,26.7,13.2,5.0,5,1,1000.0,897.0,0.0,2.0,5.0,931.9,927.5,952.9571428571428
2025-12-16,0.0,26.6,11.8,5.0,1,0,1000.0,950.3,0.0,5.0,5.0,897.0,1013.5,943.9285714285714
2025-12-17,0.0,29.2,11.3,5.0,3,1,1000.0,879.6,0.0,1.0,5.0,950.3,929.8,936.7571428571429
2025-12-18,0.0,29.0,12.7,5.0,0,1,1000.0,978.6,0.0,3.0,5.0,879.6,977.5,936.9142857142857
2025-12-19,0.0,26.8,12.1,5.0,2,0,1000.0,950.9,0.0,0.0,5.0,978.6,970.6,934.1
2025-12-20,0.0,27.3,11.7,5.0,1,1,1000.0,1010.5,0.0,2.0,5.0,950.9,950.4,942.6857142857143
2025-12-21,0.0,27.4,11.8,5.0,1,1,1000.0,990.0,0.0,1.0,5.0,1010.5,931.9,950.9857142857144
2025-12-22,0.0,27.4,13.3,5.0,2,0,1000.0,1020.9,0.0,1.0,5.0,990.0,897.0,968.6857142857143
2025-12-23,0.0,28.1,12.8,5.0,2,1,1000.0,924.6,0.0,2.0,5.0,1020.9,950.3,965.0142857142857
2025-12-24,0.0,27.3,13.0,5.0,1,2,1000.0,939.1,0.0,2.0,5.0,924.6,879.6,973.5142857142856
2025-12-25,0.0,27.0,13.5,5.0,1,1,1000.0,881.4,0.0,1.0,5.0,939.1,978.6,959.6285714285715
2025-12-26,0.0,26.8,12.7,5.0,1,0,1000.0,976.5,0.0,1.0,5.0,881.4,950.9,963.2857142857143
2025-12-27,0.0,27.0,12.0,5.0,1,2,1000.0,938.0,0.0,1.0,5.0,976.5,1010.5,952.9285714285714
2025-12-28,0.0,27.1,12.0,5.0,3,0,1000.0,959.6,0.0,1.0,5.0,938.0,990.0,948.5857142857142
2025-12-29,0.0,27.6,10.7,5.0,2,0,1000.0,968.7,0.0,3.0,5.0,959.6,1020.9,941.1285714285715
2025-12-30,0.0,27.7,10.1,5.0,5,0,1000.0,927.0,0.0,2.0,5.0,968.7,924.6,941.4714285714286
2025-12-31,0.0,27.1,10.0,5.0,1,3,1000.0,828.6,0.0,5.0,5.0,927.0,939.1,925.6857142857143
